Employee_ID,Job_Title,Salary,Birth_Date,Hire_Date,Termination
120746,Account Manager,62221.5,10-Oct-89,1-Apr-13,
120750,Accountant I,44111.25,7-Jun-69,1-Feb-90,31-Jan-13
120762,Accountant I,41343.75,2-Nov-94,1-Mar-17,
120767,Accountant I,41206.25,9-May-79,1-Apr-98,
120752,Accountant I,38237.5,17-Feb-69,1-Aug-86,30-Apr-14
120761,Accountant I,38700,28-Dec-01,1-Jul-17,
120758,Accountant II,42550,22-Oct-79,1-Oct-03,
120759,Accountant II,48910.5,4-Nov-79,1-Jan-94,
120771,Accountant II,49187.25,4-Aug-69,1-Dec-87,
120754,Accountant II,43450,2-Jun-03,1-May-17,
120768,Accountant II,56193.75,22-Jul-69,1-Oct-92,30-Nov-14
120755,Accountant III,45550,24-Aug-79,1-Aug-94,
120757,Accountant III,52035.75,18-Mar-59,1-Jan-85,30-Jun-15
120420,Administration Manager,60125,4-Oct-84,1-Jan-00,
120581,Administration Manager,59022,14-Jan-99,1-Jun-13,
120201,Administration Manager,54100,20-Jul-89,1-Jan-14,
120887,Administration Manager,61425,21-Jan-89,1-Jul-12,
120516,Administration Manager,54525,4-Feb-99,1-Nov-15,
120819,Administration Manager,59000,17-Mar-01,1-Apr-17,
120335,Administration Manager,63760.5,11-Mar-64,1-Apr-87,
120104,Administration Manager,62410.5,11-May-69,1-Jan-92,
121000,Administration Manager,65610,25-Jan-79,1-Dec-04,
120283,Administration Manager,34803,26-Sep-01,1-Nov-15,
120803,Applications Developer I,54537.5,6-Jun-69,1-Jan-89,
120797,Applications Developer I,54231.25,17-Nov-69,1-Dec-88,
120801,Applications Developer I,50050,6-Mar-89,1-Jul-10,
120811,Applications Developer I,59379.75,26-Sep-84,1-Jul-04,
120795,Applications Developer II,66291.75,16-Jan-84,1-Aug-99,31-Jan-14
120812,Applications Developer II,61843.5,19-Feb-89,1-Aug-12,
120796,Applications Developer II,58787.5,12-May-69,1-Mar-94,
120813,Applications Developer IV,68667.75,14-Sep-84,1-Jan-04,31-Dec-14
120802,Applications Developer IV,81406.25,11-May-64,1-Jan-89,30-Jun-15
120794,Applications Developer IV,64081.25,31-Dec-93,1-Jul-14,
120766,Auditing Manager,72090,5-Nov-89,1-Mar-12,
120764,Auditor I,54607.5,22-Dec-89,1-Dec-13,
120770,Auditor I,54912.5,24-Apr-79,1-Apr-98,30-Apr-14
120769,Auditor II,59987.5,24-May-89,1-Apr-07,
120763,Auditor II,56375,26-Oct-59,1-Jan-85,
120265,Auditor III,70132.5,4-Oct-59,1-Jan-85,31-Dec-13
120805,BI Administrator IV,79015.5,27-Jun-93,1-Apr-11,
120809,BI Architect II,63659.25,14-Jan-59,1-Jan-85,
120808,BI Specialist II,59973.75,1-Jun-79,1-Jun-95,
120748,Building Admin. Manager,65313,5-Jul-91,1-Mar-14,
121148,Business Analyst II,71455.5,1-Jan-84,1-Jan-09,31-Jan-14
120710,Business Analyst II,68550,24-Nov-89,1-Jan-09,
120711,Business Analyst III,73912.5,28-May-84,1-Mar-05,
120346,Cabinet Maker I,33700,28-Jan-69,1-Mar-91,
120430,Cabinet Maker I,36787.5,9-Sep-89,1-Mar-11,
120898,Cabinet Maker I,33425,24-Apr-59,1-Jan-85,
120589,Cabinet Maker II,35906.25,16-Feb-03,1-Oct-17,
120825,Cabinet Maker II,36000,7-Dec-94,1-Jun-12,
120290,Cabinet Maker II,36275,4-Mar-84,1-Jan-00,
120523,Cabinet Maker II,39048.75,19-Jan-79,1-Oct-00,
120210,Cabinet Maker II,40236.75,9-May-64,1-Jan-14,
120431,Cabinet Maker II,39730.5,17-Mar-94,1-Aug-12,
120118,Cabinet Maker II,35112.5,3-Jun-74,1-Jul-95,
120590,Cabinet Maker III,41000,16-Apr-99,1-Nov-17,
120117,Cabinet Maker III,42754.5,11-Sep-79,1-Apr-97,
120897,Cabinet Maker IV,53162.5,18-Nov-74,1-Dec-92,
120345,Cabinet Maker IV,40700,24-May-99,1-Jun-17,
120259,Chief Executive Officer,542250,25-Jan-79,1-Sep-00,
120262,Chief Financial Officer,335568.75,21-Oct-84,1-Sep-99,
120260,Chief Marketing Officer,280644.75,2-Dec-79,1-Nov-95,
120261,Chief Sales Officer,328306.5,21-Feb-84,1-Aug-98,
120998,Clerk I,35545.5,6-Dec-94,1-Apr-16,
120421,Clerk I,32612.5,6-Mar-01,1-May-17,
120886,Clerk I,32756.25,1-Feb-99,1-May-17,
120999,Clerk I,34018.75,28-Dec-74,1-Apr-95,
120274,Concession Assistant I,33550,9-Jan-79,1-Dec-04,
120276,Concession Assistant II,35112.5,16-Dec-59,1-Jan-85,31-May-14
120278,Concession Assistant III,37374.75,17-Dec-01,1-Aug-17,
120273,Concession Assistant III,38414.25,7-Jun-01,1-Mar-17,
120279,Concession Consultant I,41156.25,20-Oct-84,1-May-07,
120277,Concession Consultant I,40806.25,16-Aug-03,1-May-15,31-May-16
120275,Concession Consultant II,43463.25,27-Dec-74,1-Oct-95,
120272,Concession Consultant II,42987.5,15-Mar-59,1-Jan-85,
120280,Concession Consultant III,46162.5,11-Nov-79,1-May-99,30-Jun-13
120270,Concession Director,60543.75,25-Mar-69,1-Jan-85,
120271,Concession Manager,54543.75,6-Aug-79,1-Sep-97,
120720,Corp. Comm. Manager,58225,7-May-79,1-Apr-03,
120722,Corp. Comm. Specialist I,40575,22-Sep-74,1-Oct-96,
120723,Corp. Comm. Specialist II,45832.5,10-Aug-64,1-Jan-85,
120988,Director,217748.25,18-Oct-74,1-Jul-95,
120257,Director,195306.25,22-May-89,1-Jan-14,
120510,Director,189925,22-Aug-91,1-Nov-08,
120659,Director,217741.5,16-Jul-64,1-Jan-85,
120880,Director,220475.25,19-Oct-84,1-Apr-02,
121142,Director,195081.25,14-Feb-84,1-May-04,
120331,Director,204234.75,4-Apr-84,1-Dec-06,
120653,Director,220218.75,26-Jul-79,1-Nov-96,
120576,Director,204106.5,8-Aug-89,1-Jun-09,
120101,Director,220104,18-Aug-91,1-Jul-14,
120793,ETL Specialist I,58943.75,8-Aug-84,1-Jun-07,
120790,ETL Specialist II,67175,7-Dec-89,1-May-06,
120211,Electrician I,36801,16-Nov-64,1-Jan-14,
120433,Electrician I,34225,11-Oct-99,1-Jul-17,
120826,Electrician I,35775,16-Aug-03,1-Aug-17,
120900,Electrician I,33306.25,15-May-74,1-Dec-99,
121013,Electrician II,36011.25,28-Apr-94,1-Apr-11,
120120,Electrician II,37320.75,5-May-59,1-Jan-85,
120524,Electrician II,36531,4-Nov-99,1-Aug-15,
120347,Electrician III,39069,10-Sep-94,1-Jul-16,
120291,Electrician III,38265.75,12-Jun-01,1-Oct-17,
120432,Electrician III,34668.75,13-Jul-01,1-May-17,
120899,Electrician III,35431.25,8-Jan-84,1-Apr-08,
121014,Electrician III,38488.5,1-May-89,1-Aug-10,
120119,Electrician IV,37818.75,21-Dec-84,1-Jan-09,
120429,Engineering Manager,45300,13-Apr-99,1-Apr-16,
120716,Events Manager,71570.25,24-Jul-89,1-Aug-04,
120751,Finance Manager,72750,5-Apr-79,1-Aug-99,
120264,Financial Analyst II,46887.5,23-Jan-99,1-Dec-17,
120263,Financial Analyst III,53256.25,10-Feb-79,1-Oct-94,31-Dec-14
120747,Financial Controller I,58846.5,20-Jun-89,1-Aug-06,
120753,Financial Controller II,63450,15-Jun-91,1-Aug-05,
120765,Financial Controller III,70132.5,17-Dec-69,1-Jan-85,
120760,Financial Controller III,66843.75,6-Jan-84,1-May-04,
120756,Financial Controller III,70598.25,20-Feb-89,1-Jul-07,
120775,HR Analyst II,56133,11-Feb-84,1-Nov-07,
120779,HR Analyst II,58981.5,4-Oct-91,1-Mar-08,
120772,HR Generalist I,36942.75,8-Apr-03,1-Aug-17,
120773,HR Generalist II,36949.5,22-Feb-74,1-Apr-92,
120776,HR Generalist III,40725,21-Sep-94,1-Apr-12,
120780,HR Manager,78743.75,1-Sep-84,1-Oct-02,
120777,HR Specialist I,55289.25,26-Mar-84,1-May-05,
120778,HR Specialist I,54562.5,8-Dec-69,1-Feb-95,
120774,HR Specialist II,56443.75,17-Sep-93,1-Mar-13,31-Oct-16
120807,IS Administrator I,54156.25,14-Dec-74,1-Jan-93,31-Aug-15
120806,IS Administrator II,59106.25,25-Feb-89,1-Feb-03,
120804,IS Administrator III,74790,11-Feb-59,1-Jan-85,
120810,IS Architect III,78806.25,4-Oct-69,1-Mar-91,
120800,IS Director,108283.5,20-Dec-89,1-Jun-08,31-Jan-14
120657,Logistics Coordinator I,48748.5,7-Jan-79,1-Nov-01,
120658,Logistics Coordinator II,57354.75,20-Dec-69,1-Feb-92,
120656,Logistics Coordinator II,57469.5,28-Jan-89,1-Mar-10,
120660,Logistics Manager,76406.25,6-Jun-93,1-Mar-16,
120666,Logistics Manager,80693.75,22-Jun-84,1-Dec-02,30-Apr-15
120726,Marketing Assistant I,36963,1-Jul-03,1-Sep-17,
120715,Marketing Assistant II,38522.25,12-Jun-94,1-Feb-16,
120721,Marketing Assistant II,37337.5,21-Oct-59,1-Jan-85,
120717,Marketing Assistant II,40709.25,9-Jan-69,1-Aug-92,
120718,Marketing Assistant II,39406.5,8-Jul-79,1-May-01,
120725,Marketing Assistant II,40459.5,24-Oct-94,1-Jun-15,31-Dec-15
120713,Marketing Assistant III,42700.5,23-Feb-59,1-Jan-85,
120727,Marketing Assistant IV,47148.75,25-Jun-79,1-Jun-97,
120712,Marketing Manager,79550,12-Jun-64,1-Jan-85,
120714,Marketing Manager,84543.75,4-Apr-91,1-Sep-09,
120724,Marketing Manager,79631.25,27-Jan-79,1-Apr-03,
120994,Office Administrator I,39556.25,16-Jun-89,1-Nov-05,
120995,Office Administrator II,43562.5,13-Jun-99,1-Aug-17,
120883,Office Assistant I,32612.5,18-Feb-94,1-Apr-15,30-Sep-16
120418,Office Assistant I,32131.25,2-Aug-03,1-Nov-17,
120417,Office Assistant I,34897.5,11-Feb-84,1-Dec-06,30-Sep-16
120992,Office Assistant I,36369,17-Feb-94,1-Aug-11,
120993,Office Assistant I,32825,18-Dec-84,1-Mar-08,
120199,Office Assistant I,35640,7-Jan-64,1-Jan-14,
120884,Office Assistant I,36726.75,18-Aug-94,1-Jul-15,
120817,Office Assistant I,35518.5,21-Dec-69,1-Aug-92,
120332,Office Assistant I,31337.5,5-Oct-84,1-Dec-05,
120579,Office Assistant I,33912,20-Nov-74,1-Jan-90,
120580,Office Assistant I,36524.25,4-Apr-94,1-Jul-17,
120416,Office Assistant II,35625,8-Jan-74,1-Oct-96,31-Mar-15
120419,Office Assistant II,33418.75,21-Mar-03,1-Aug-17,
120200,Office Assistant II,35309.25,2-Aug-74,1-Jan-14,
120333,Office Assistant II,35545.5,6-Jul-89,1-Sep-07,
120514,Office Assistant II,38029.5,20-Jan-59,1-Jan-85,
120749,Office Assistant II,33181.25,20-Sep-89,1-Oct-07,
120818,Office Assistant II,34725,4-Feb-59,1-Jan-85,
120281,Office Assistant II,33256.25,18-Feb-69,1-Jan-92,
120106,Office Assistant II,36396,23-Dec-59,1-Jan-85,
120799,Office Assistant III,36337.5,23-Mar-94,1-Nov-09,
120107,Office Assistant III,41141.25,21-Jan-64,1-Feb-85,
120515,Office Assistant III,40689,17-Aug-94,1-Nov-14,
120667,Office Assistant III,40473,21-Jun-94,1-Feb-17,
120996,Office Assistant IV,44205.75,21-Jul-89,1-Sep-13,
120885,Office Assistant IV,43524,14-Jul-69,1-Jan-85,
120663,Pricing Manager,70481.25,26-Mar-84,1-Mar-08,
120664,Pricing Specialist,59506.25,18-Feb-69,1-May-86,
120814,Project Manager,73925,3-Jun-74,1-Sep-90,
120738,Purchasing Agent I,37531.25,6-Jul-64,1-Jan-85,
120733,Purchasing Agent I,42876,3-Apr-79,1-Nov-01,
120729,Purchasing Agent I,39368.75,3-Apr-03,25-Apr-14,23-Sep-16
120742,Purchasing Agent I,41877,4-Feb-59,1-Jan-85,
120730,Purchasing Agent I,37743.75,16-Dec-79,1-Oct-99,
120745,Purchasing Agent I,39206.25,5-Jul-01,1-Jun-17,
120744,Purchasing Agent II,41862.5,19-Jun-03,1-Jul-15,30-Oct-16
120743,Purchasing Agent II,46737,1-Feb-84,1-Jun-08,
120740,Purchasing Agent II,43887.5,19-Oct-64,1-Jan-85,31-Aug-14
120731,Purchasing Agent II,46102.5,15-Mar-74,1-Sep-94,
120728,Purchasing Agent II,43837.5,4-Dec-69,1-Jan-93,
120734,Purchasing Agent III,46264.5,26-Apr-94,1-Mar-17,
120732,Purchasing Agent III,44837.5,14-Aug-64,1-Jan-85,
120739,Purchasing Agent III,49909.5,7-Aug-01,1-May-17,
120741,Purchasing Agent III,45456.25,28-Nov-59,1-Jan-85,
120737,Purchasing Manager,79506.25,28-Mar-74,1-Nov-99,
120736,Purchasing Manager,79981.25,27-Nov-79,1-Oct-02,
120735,Purchasing Manager,77481.25,13-Jun-69,1-May-89,
120781,Recruiter I,40775,23-Jan-03,1-Dec-15,31-Dec-16
120784,Recruiter II,44643.75,24-Apr-94,1-Sep-15,
120783,Recruiter III,58016.25,20-Dec-89,1-Jan-07,
120782,Recruitment Manager,79893.75,29-Nov-89,1-Jun-10,
121145,Sales Manager,105325,22-Nov-64,1-Apr-87,
120102,Sales Manager,146144.25,11-Aug-84,1-Jun-00,
120991,Sales Manager,110038.5,12-Jul-89,1-Apr-05,
120103,Sales Manager,109968.75,22-Jan-64,1-Jan-85,
120881,Sales Manager,103600,1-Jun-84,1-Aug-07,
120511,Sales Manager,109418.75,24-May-59,1-Jan-85,
120258,Sales Manager,104131.25,22-Jun-69,1-Jan-14,
120413,Sales Manager,113784.75,14-Dec-84,1-Jun-10,
120577,Sales Manager,109201.5,18-Mar-89,1-Jul-04,
121144,Sales Manager,104381.25,28-Jun-79,1-Nov-02,
120654,Sales Manager,108634.5,14-Jan-93,1-Nov-11,
120330,Sales Manager,109687.5,24-Oct-91,1-Jul-13,
120512,Sales Manager,107568.75,25-Feb-79,1-Dec-03,
120545,Sales Rep. I,41121,16-Sep-89,1-Jan-10,30-Apr-15
121073,Sales Rep. I,36585,15-May-64,1-Jan-85,
120551,Sales Rep. I,33898.5,18-Mar-94,1-Aug-11,
121092,Sales Rep. I,34668,8-Mar-89,1-Aug-13,
121078,Sales Rep. I,34356.25,1-May-64,1-Nov-89,
120946,Sales Rep. I,36018,3-Nov-89,1-Nov-04,30-Jun-16
120152,Sales Rep. I,33143.75,1-May-94,1-Apr-16,
120835,Sales Rep. I,34350,10-Mar-74,1-May-90,31-Aug-14
120465,Sales Rep. I,31306.25,23-Feb-94,1-May-14,
120938,Sales Rep. I,32831.25,17-Jan-94,1-Aug-17,1-Feb-18
120508,Sales Rep. I,36814.5,1-Oct-74,1-Oct-92,31-May-17
120146,Sales Rep. I,32481.25,2-Oct-74,1-Aug-91,30-Sep-16
120837,Sales Rep. I,32725,2-Nov-89,1-Oct-04,
121046,Sales Rep. I,34890.75,7-Sep-99,1-Jul-17,1-Jan-18
120553,Sales Rep. I,26043.75,21-Feb-69,1-Sep-91,
121109,Sales Rep. I,35147.25,5-Nov-84,1-May-01,
120472,Sales Rep. I,31262.5,3-Jan-89,1-Jun-03,
120556,Sales Rep. I,32600,13-Jul-74,1-Oct-99,
120906,Sales Rep. I,31318.75,6-May-59,1-Jan-85,
121028,Sales Rep. I,35889.75,27-Apr-03,1-Nov-17,
120945,Sales Rep. I,34296.75,21-Apr-79,1-Jul-04,
120951,Sales Rep. I,33762.5,24-Feb-59,1-Jan-85,
120471,Sales Rep. I,36396,20-Mar-69,1-May-91,
121080,Sales Rep. I,40293.75,24-Jan-74,1-Sep-98,
120843,Sales Rep. I,34641,21-Dec-84,1-Dec-09,
120959,Sales Rep. I,33968.75,5-Jul-99,1-May-15,
120329,Sales Rep. I,35052.75,14-Apr-69,1-Jul-90,30-Jun-16
120919,Sales Rep. I,35829,1-Jul-99,1-Jun-17,
120557,Sales Rep. I,36335.25,6-Dec-79,1-Nov-96,28-Feb-14
120558,Sales Rep. I,34303.5,28-Apr-94,1-Mar-16,
120935,Sales Rep. I,35619.75,10-Oct-69,1-Jan-90,
120156,Sales Rep. I,33056.25,1-Sep-03,1-Mar-17,
120153,Sales Rep. I,34075,7-May-94,1-Jan-09,31-Jan-17
120941,Sales Rep. I,35268.75,19-Feb-74,1-Jan-90,30-Jun-16
120841,Sales Rep. I,28381.25,24-Nov-79,1-Apr-94,30-Apr-14
120550,Sales Rep. I,32612.5,1-Nov-03,1-Mar-17,
120549,Sales Rep. I,35343,21-Jun-74,1-Jun-96,30-Sep-14
120509,Sales Rep. I,35565.75,2-Mar-69,1-Jan-85,31-Jul-16
120548,Sales Rep. I,31312.5,23-Mar-03,1-Aug-17,
120547,Sales Rep. I,36618.75,28-May-79,1-Aug-04,
120322,Sales Rep. I,34506,24-May-89,1-Nov-11,
120544,Sales Rep. I,42406.25,22-Dec-03,1-Aug-15,
120310,Sales Rep. I,34418.25,18-Nov-59,1-Jan-85,31-Mar-17
121048,Sales Rep. I,35856,24-Jun-99,1-Sep-17,1-Mar-18
120474,Sales Rep. I,32812.5,28-Sep-99,1-Nov-15,
120953,Sales Rep. I,34701.75,19-Aug-74,1-Nov-91,
120481,Sales Rep. I,33275,28-Jul-79,1-Jun-05,
120507,Sales Rep. I,34823.25,2-Feb-79,1-Apr-95,
121079,Sales Rep. I,34789.5,3-Jun-89,1-Nov-08,
120851,Sales Rep. I,35923.5,8-May-01,1-Nov-16,1-May-17
120297,Sales Rep. I,35957.25,10-Jun-79,1-Sep-98,
120529,Sales Rep. I,36490.5,20-Oct-64,1-Apr-85,
120956,Sales Rep. I,36153,8-Jun-84,1-Jan-00,30-Jun-14
120543,Sales Rep. I,36423,11-Feb-59,1-Jan-85,31-Dec-14
120937,Sales Rep. I,34303.5,12-Dec-03,1-Jan-18,
121086,Sales Rep. I,33525,16-Dec-59,1-Jan-85,
120853,Sales Rep. I,35970.75,7-Jan-59,1-Jan-85,
120944,Sales Rep. I,35923.5,11-Aug-64,1-Jan-85,
120846,Sales Rep. I,31337.5,12-Aug-79,1-May-04,30-Sep-15
121029,Sales Rep. I,34031.25,22-Dec-79,1-Dec-00,
120940,Sales Rep. I,33162.5,18-Apr-99,1-Jun-14,1-Dec-15
120928,Sales Rep. I,33375,17-Mar-01,1-Jul-17,
121136,Sales Rep. I,34325,15-Jul-89,1-Dec-13,30-Sep-15
120925,Sales Rep. I,34331.25,19-Feb-74,1-Dec-92,
120920,Sales Rep. I,31893.75,26-Oct-99,1-Mar-15,
120302,Sales Rep. I,32725,3-May-79,1-Dec-94,
120600,Sales Rep. I,40236.75,14-May-74,1-Apr-89,
120478,Sales Rep. I,31950,16-Sep-79,1-Jun-05,
120902,Sales Rep. I,32287.5,25-Dec-01,1-Jul-17,
120212,Sales Rep. I,36072,6-Apr-74,1-Jan-14,31-Aug-17
121030,Sales Rep. I,33431.25,12-Nov-94,1-Feb-12,
120124,Sales Rep. I,35748,13-May-74,1-Mar-90,
120494,Sales Rep. I,36517.5,25-Mar-79,1-Jan-01,
120493,Sales Rep. I,31550,20-Mar-69,1-Feb-90,
120490,Sales Rep. I,37023.75,22-Feb-74,1-Jul-89,
120489,Sales Rep. I,36220.5,17-Jul-89,1-Sep-12,
120488,Sales Rep. I,36922.5,23-Apr-89,1-Apr-06,31-Dec-15
120916,Sales Rep. I,35768.25,21-Aug-01,1-May-17,30-Sep-17
120845,Sales Rep. I,32318.75,6-Feb-84,1-Oct-01,
120856,Sales Rep. I,38543.75,25-Oct-99,1-May-17,
120834,Sales Rep. I,34053.75,10-Feb-03,1-Jul-17,
120352,Sales Rep. I,34411.5,19-Apr-99,1-Feb-18,
121108,Sales Rep. I,35005.5,4-Jul-03,1-Nov-17,1-May-18
120868,Sales Rep. I,33037.5,3-Dec-03,1-Oct-17,
120223,Sales Rep. I,36807.75,21-Apr-03,1-May-17,
120225,Sales Rep. I,34074,26-Jun-03,1-Jan-18,
120860,Sales Rep. I,34506,14-May-94,1-Aug-11,
120877,Sales Rep. I,33350,25-May-64,1-Jan-85,
120852,Sales Rep. I,33793.75,11-Sep-94,1-May-12,
121088,Sales Rep. I,34050,10-Jun-03,1-Jan-18,
120844,Sales Rep. I,32368.75,20-Sep-94,1-Sep-16,
120842,Sales Rep. I,36173.25,4-Jul-64,1-Aug-89,
120839,Sales Rep. I,34317,12-May-84,1-Jan-03,
120123,Sales Rep. I,35356.5,28-Sep-79,1-Oct-96,31-Jan-16
120366,Sales Rep. I,36375.75,26-Aug-59,1-Jan-85,30-Sep-15
120635,Sales Rep. I,33818.75,16-Jul-89,1-Sep-10,
120160,Sales Rep. I,33893.75,9-Sep-69,1-Oct-85,
120827,Sales Rep. I,34242.75,22-Feb-79,1-Mar-99,
121138,Sales Rep. I,36807.75,28-Feb-64,1-Jan-85,
121084,Sales Rep. I,28387.5,16-Aug-79,1-Jan-02,
121102,Sales Rep. I,36605.25,26-Jun-94,1-Jun-17,
120456,Sales Rep. I,34377.75,21-Jun-01,1-Feb-17,
120631,Sales Rep. I,34391.25,15-Jul-59,1-Jan-85,
120455,Sales Rep. I,35693.75,1-Feb-59,1-Jan-85,31-Jan-15
120506,Sales Rep. I,32487.5,12-Apr-64,1-Jan-85,
120450,Sales Rep. I,31581.25,21-Nov-94,1-May-15,
120218,Sales Rep. I,35950.5,22-Oct-99,1-Apr-17,
120448,Sales Rep. I,32862.5,6-Nov-03,1-Sep-17,
121044,Sales Rep. I,34641,11-Dec-69,1-Aug-86,
120445,Sales Rep. I,32275,14-Mar-69,1-Nov-94,
120602,Sales Rep. I,35019,20-Jul-74,1-Apr-91,
120444,Sales Rep. I,32681.25,19-Nov-59,1-Jan-85,
120353,Sales Rep. I,32800,12-Jan-59,1-Jan-85,
120149,Sales Rep. I,35626.5,21-Nov-89,1-Jan-04,
120440,Sales Rep. I,34156.25,10-Dec-94,1-Oct-17,
120934,Sales Rep. I,37071,23-May-74,1-Feb-91,30-Sep-17
120167,Sales Rep. I,33999.75,4-May-69,1-Feb-85,31-Mar-17
121094,Sales Rep. I,35849.25,7-Jan-69,1-Sep-89,
120437,Sales Rep. I,35363.25,27-Nov-94,1-Dec-17,
120436,Sales Rep. I,34290,17-Mar-74,1-Apr-95,
121106,Sales Rep. I,34938,2-Feb-84,1-Feb-07,
121036,Sales Rep. I,32456.25,18-Jul-03,1-Oct-14,31-Oct-16
121137,Sales Rep. I,33818.75,18-Jan-03,1-Apr-17,
120305,Sales Rep. I,34075,1-Aug-64,1-Feb-90,
120986,Sales Rep. I,34075,26-Jul-84,1-Jan-99,31-May-15
120434,Sales Rep. I,35876.25,25-Jun-94,1-Jun-17,
121103,Sales Rep. I,36801,28-Apr-03,1-Sep-17,
120616,Sales Rep. I,33456.25,5-Jan-94,1-Oct-17,
121083,Sales Rep. I,34056.25,11-Mar-74,1-Mar-90,
120449,Sales Rep. I,36146.25,6-Nov-01,1-Nov-17,
121047,Sales Rep. I,32275,26-Nov-94,1-Sep-17,1-Mar-18
121090,Sales Rep. I,35910,19-Jun-69,1-Feb-91,
120651,Sales Rep. I,33818.75,28-Jul-94,1-Apr-12,
120321,Sales Rep. I,31562.5,14-Oct-03,1-May-17,1-Nov-17
120619,Sales Rep. I,32631.25,9-Dec-69,1-Jan-85,
120140,Sales Rep. I,33712.5,3-Aug-03,1-Oct-17,
120931,Sales Rep. I,35991,17-Dec-64,1-Apr-87,31-Oct-15
120230,Sales Rep. I,36659.25,3-Jun-84,1-Jan-14,31-Dec-15
120256,Sales Rep. I,36848.25,23-Jun-64,1-Jan-14,30-Sep-16
120459,Sales Rep. I,32687.5,18-Feb-64,1-Jan-85,
120410,Sales Rep. I,33891.75,13-Feb-79,1-Jul-97,
121051,Sales Rep. I,32531.25,2-May-64,1-Nov-89,
120617,Sales Rep. I,32068.75,11-Oct-79,1-Oct-95,31-Jan-16
120614,Sales Rep. I,36092.25,15-Apr-84,1-Mar-05,28-Feb-17
120227,Sales Rep. I,37104.75,28-Aug-03,1-Feb-17,
120138,Sales Rep. I,34823.25,11-Jul-94,1-Jul-17,
120176,Sales Rep. I,32618.75,9-Nov-01,1-Nov-17,
120175,Sales Rep. I,34755.75,18-Aug-03,1-Oct-17,
120360,Sales Rep. I,35538.75,25-Aug-64,1-Jan-85,31-Dec-15
120612,Sales Rep. I,35397,15-Dec-03,1-Jan-18,
121064,Sales Rep. I,31387.5,28-Jan-79,1-Sep-02,
120215,Sales Rep. I,35910,9-Jul-69,1-Jan-14,30-Nov-17
120130,Sales Rep. I,36389.25,14-Dec-99,1-May-17,
120486,Sales Rep. I,34283.25,20-May-59,1-Jan-85,
121058,Sales Rep. I,32837.5,12-Jul-89,1-Oct-13,
120954,Sales Rep. I,33618.75,9-Nov-94,1-Jul-17,
120542,Sales Rep. I,34262.5,20-Mar-03,1-Mar-17,
120574,Sales Rep. I,36234,16-Aug-84,1-Dec-00,
120393,Sales Rep. I,35943.75,7-May-74,1-Nov-99,
120136,Sales Rep. I,33256.25,16-Sep-94,1-Feb-14,
121038,Sales Rep. I,31606.25,13-Feb-03,1-Aug-17,1-Feb-18
120301,Sales Rep. I,37137.5,15-Sep-69,1-Mar-94,
120484,Sales Rep. I,36753.75,26-Oct-99,1-Oct-17,
120540,Sales Rep. I,35889.75,3-Jan-64,1-Jan-85,
120242,Sales Rep. I,36267.75,23-Jun-89,1-Jan-14,
120609,Sales Rep. I,36301.5,11-Jan-03,1-Mar-17,
121057,Sales Rep. I,33918.75,26-Dec-74,1-Dec-91,
121023,Sales Rep. I,32512.5,13-Mar-79,1-May-00,31-Aug-16
120387,Sales Rep. I,31331.25,19-Feb-59,1-Jan-85,
120214,Sales Rep. I,35140.5,8-Feb-94,1-Oct-17,
120385,Sales Rep. I,36267.75,9-May-74,1-Apr-98,31-Mar-14
121135,Sales Rep. I,36463.5,7-Jun-69,1-Aug-85,
120294,Sales Rep. I,33318.75,9-Sep-69,1-Jul-91,
120561,Sales Rep. I,31893.75,13-Jul-89,1-Jul-09,
120383,Sales Rep. I,31487.5,15-May-79,1-Jul-00,30-Apr-16
120966,Sales Rep. I,32018.75,20-Jan-79,1-Sep-04,
120241,Sales Rep. I,31787.5,19-Oct-74,1-Jan-14,30-Apr-15
120605,Sales Rep. I,36632.25,11-Jun-64,1-Jan-85,31-Mar-17
120381,Sales Rep. I,36416.25,14-Jun-79,1-Jun-02,
121049,Sales Rep. I,33662.5,14-Feb-01,1-Dec-17,
121074,Sales Rep. I,36436.5,1-Mar-74,1-Oct-99,
120530,Sales Rep. I,34209,20-Nov-01,11-Dec-12,
121072,Sales Rep. I,32631.25,10-Jan-94,1-Sep-15,31-Oct-16
120238,Sales Rep. I,33587.5,10-Feb-03,1-Oct-17,
120358,Sales Rep. I,33885,14-Jan-01,1-Jan-18,
120913,Sales Rep. I,33218.75,8-Nov-84,1-Mar-01,
120376,Sales Rep. I,33431.25,3-Apr-59,1-Jan-85,
120375,Sales Rep. I,33817.5,2-Feb-84,1-Apr-04,
120168,Sales Rep. I,34121.25,24-Mar-99,1-Nov-17,
120374,Sales Rep. I,31781.25,14-Apr-59,1-Jan-85,
121093,Sales Rep. I,34262.5,18-Jul-79,1-Jan-05,30-Jun-14
120535,Sales Rep. I,33068.75,7-May-69,1-Jan-94,
120173,Sales Rep. I,33393.75,23-Feb-69,1-Jun-88,31-Jul-15
120131,Sales Rep. I,33637.5,25-Sep-94,1-Jan-14,
120927,Sales Rep. I,34787.5,24-Jul-79,1-Feb-00,30-Jun-17
120236,Sales Rep. I,34343.75,28-Jan-94,1-Jan-14,
120318,Sales Rep. I,34062.5,11-May-79,1-Mar-02,
120162,Sales Rep. I,34018.75,5-Sep-03,1-Feb-17,
120369,Sales Rep. I,34031.25,17-Sep-89,1-Jan-08,
120637,Sales Rep. I,34965,11-Dec-01,1-Apr-17,
120368,Sales Rep. I,33868.75,11-Jan-84,1-Jan-02,
120636,Sales Rep. I,35808.75,26-Jul-01,1-Feb-18,1-Aug-18
120623,Sales Rep. I,36578.25,11-Sep-79,1-Nov-99,
120367,Sales Rep. I,31650,23-Mar-79,1-Jun-94,
120233,Sales Rep. I,32525,14-Dec-69,1-Jan-14,
120632,Sales Rep. I,32687.5,26-Jul-01,1-Jul-17,1-Jan-18
120828,Sales Rep. I,35559,20-May-99,1-Aug-17,
120174,Sales Rep. I,33562.5,10-Jan-59,1-Jan-85,30-Oct-16
120562,Sales Rep. I,35808.75,11-Nov-03,1-Jun-15,31-Jan-16
120629,Sales Rep. I,32543.75,10-Jul-99,1-Dec-15,
120628,Sales Rep. I,33518.75,14-Feb-03,1-Feb-18,
120626,Sales Rep. I,29241,22-Aug-74,1-Aug-89,
120904,Sales Rep. I,31850,16-Dec-64,1-Feb-90,
120622,Sales Rep. I,33162.5,2-Jan-79,1-Jun-96,31-Mar-14
120621,Sales Rep. I,32368.75,2-Oct-69,1-Dec-93,
120293,Sales Rep. I,36416.25,18-May-03,1-Jan-18,
121140,Sales Rep. I,32918.75,23-Jan-94,1-Apr-12,31-Jan-17
120597,Sales Rep. I,35019,26-Feb-99,1-Apr-17,
121098,Sales Rep. I,34343.75,22-Mar-03,1-May-17,
120328,Sales Rep. I,34465.5,8-May-69,1-Apr-88,
120355,Sales Rep. I,33262.5,28-Jul-99,1-Feb-17,
120165,Sales Rep. I,36517.5,19-Mar-99,1-Mar-17,
120859,Sales Rep. I,35052.75,9-Jan-89,1-Dec-03,
121096,Sales Rep. I,32918.75,18-May-84,1-May-06,
121101,Sales Rep. I,34276.5,28-Aug-01,1-Nov-17,
120226,Sales Rep. II,35231.25,11-Jan-03,1-Nov-17,
120163,Sales Rep. II,36092.25,22-May-79,1-Jan-02,
120603,Sales Rep. II,33031.25,5-Aug-69,1-Dec-92,
120601,Sales Rep. II,38583,26-Oct-59,1-Jan-85,31-May-14
121100,Sales Rep. II,35168.75,27-Apr-64,1-Apr-87,
120466,Sales Rep. II,35268.75,16-Jun-99,1-Mar-17,
121097,Sales Rep. II,36220.5,23-Oct-89,1-Oct-06,
121095,Sales Rep. II,35012.5,14-Apr-84,1-Jul-02,
120596,Sales Rep. II,35543.75,21-Dec-01,1-Aug-17,
121089,Sales Rep. II,37928.25,21-Aug-69,1-Jul-85,31-Oct-17
121087,Sales Rep. II,35406.25,7-Dec-89,1-Mar-10,31-Mar-17
120592,Sales Rep. II,36375.75,8-Feb-99,1-Apr-17,
121076,Sales Rep. II,33356.25,9-Oct-79,1-Jan-94,31-May-15
121068,Sales Rep. II,34437.5,2-Dec-84,1-Sep-03,
121066,Sales Rep. II,36787.5,23-Aug-59,1-Jan-85,31-Oct-16
121056,Sales Rep. II,38238.75,5-Jul-99,1-May-14,
120213,Sales Rep. II,36868.5,16-Oct-69,1-Jan-14,
120575,Sales Rep. II,35633.25,24-Dec-01,1-Aug-17,
121050,Sales Rep. II,32600,12-Jan-01,1-Dec-17,
121045,Sales Rep. II,35700,13-Jun-79,1-Jan-05,
120554,Sales Rep. II,35856,9-Sep-64,1-Sep-90,
121039,Sales Rep. II,37071,3-Jun-69,1-May-91,
121034,Sales Rep. II,33887.5,23-Aug-03,1-Jan-18,
121024,Sales Rep. II,35910,21-Sep-99,1-May-15,
120923,Sales Rep. II,35181.25,15-Jan-64,1-Jan-85,
120552,Sales Rep. II,34287.5,22-Mar-03,1-Oct-17,
120157,Sales Rep. II,34825,21-Feb-01,1-Dec-17,
120126,Sales Rep. II,33475,20-Sep-03,1-Aug-17,
120525,Sales Rep. II,35150,11-Jul-03,2-Aug-14,
120324,Sales Rep. II,38583,15-Feb-01,1-Nov-17,
120323,Sales Rep. II,37773,23-Jul-99,1-Jul-15,
121018,Sales Rep. II,34450,3-Jan-59,1-Jan-85,30-Apr-14
120127,Sales Rep. II,37935,4-Jan-94,1-Nov-09,
121059,Sales Rep. II,34281.25,25-Oct-74,1-Apr-92,31-Dec-14
120539,Sales Rep. II,35637.5,11-Oct-84,1-Jun-05,31-Jan-14
121075,Sales Rep. II,35493.75,23-Dec-59,1-Jan-85,
121025,Sales Rep. II,35368.75,10-Oct-64,1-Sep-86,
120534,Sales Rep. II,35572.5,6-Nov-03,1-Oct-17,
120532,Sales Rep. II,32612.5,18-Jul-94,1-Nov-13,
120961,Sales Rep. II,37509.75,27-Dec-03,1-Dec-17,
120528,Sales Rep. II,37509.75,8-Sep-59,1-Jan-85,31-Aug-14
120526,Sales Rep. II,34550,25-Jun-84,1-Oct-98,
120950,Sales Rep. II,36180,5-May-99,1-Jul-16,1-Jan-17
120312,Sales Rep. II,37320.75,16-Sep-03,1-Apr-17,
120939,Sales Rep. II,34493.75,16-Feb-89,1-Mar-05,
120309,Sales Rep. II,36888.75,9-Sep-64,1-Jan-85,
120308,Sales Rep. II,37199.25,15-Apr-69,1-Sep-93,31-Dec-14
120933,Sales Rep. II,33593.75,14-Dec-64,1-Apr-86,
120932,Sales Rep. II,38022.75,10-Nov-79,1-Jul-96,
121091,Sales Rep. II,36888.75,19-Feb-84,1-Jan-00,
120930,Sales Rep. II,34275,14-Dec-74,1-May-00,31-Jul-14
120479,Sales Rep. II,37455.75,20-Mar-99,1-Jun-16,
120922,Sales Rep. II,37975.5,7-Jan-79,1-Jun-04,
120918,Sales Rep. II,34537.5,8-Aug-79,1-Mar-96,
120151,Sales Rep. II,33150,21-Nov-59,1-Jan-85,
120917,Sales Rep. II,36132.75,14-Aug-89,1-Jul-05,
120303,Sales Rep. II,38549.25,12-Jun-64,1-Feb-85,31-May-17
120907,Sales Rep. II,35000,19-Jul-79,1-Mar-97,
120905,Sales Rep. II,33018.75,8-Oct-69,1-Feb-90,
120901,Sales Rep. II,35856,11-Apr-69,1-Oct-94,
120216,Sales Rep. II,37712.25,23-Mar-79,1-Jan-14,
120299,Sales Rep. II,35687.25,24-Oct-59,1-Jan-85,31-May-17
121027,Sales Rep. II,35322.75,5-May-79,1-Dec-00,
120298,Sales Rep. II,33018.75,11-Mar-99,1-Dec-17,
120314,Sales Rep. II,34800,27-Sep-74,1-Mar-90,31-Oct-16
120492,Sales Rep. II,33343.75,7-Apr-89,1-Oct-13,
120295,Sales Rep. II,33962.5,1-Oct-84,1-Apr-04,
120491,Sales Rep. II,35910,6-Dec-99,1-Sep-17,
121035,Sales Rep. II,33075,25-Mar-59,1-Jan-85,
120878,Sales Rep. II,37179,5-Mar-79,1-Jun-04,
120487,Sales Rep. II,44604,7-Jun-03,1-Apr-17,
120222,Sales Rep. II,36558,4-Nov-79,1-Jan-14,
120863,Sales Rep. II,37786.5,23-Nov-84,1-Jul-10,
120480,Sales Rep. II,35822.25,17-Jan-03,1-Sep-17,
120858,Sales Rep. II,35538.75,6-Dec-94,1-Jan-15,
120147,Sales Rep. II,33225,19-Jan-03,1-Oct-17,
120857,Sales Rep. II,34368.75,16-Aug-03,7-Sep-14,6-Apr-17
120477,Sales Rep. II,35228.25,23-Jul-74,1-Oct-88,
120854,Sales Rep. II,38198.25,25-Jun-74,1-Jun-99,
120476,Sales Rep. II,38238.75,21-Nov-69,1-Feb-91,
120475,Sales Rep. II,36956.25,4-Mar-01,1-Dec-17,
120473,Sales Rep. II,33975,19-Sep-64,1-Jan-85,
120847,Sales Rep. II,38603.25,17-Dec-74,1-Jan-97,
120866,Sales Rep. II,36517.5,12-Nov-59,1-Jan-85,
120840,Sales Rep. II,35200,16-Nov-59,1-Jan-85,
120443,Sales Rep. II,33506.25,20-Jul-03,1-Dec-17,
120838,Sales Rep. II,33712.5,23-Nov-74,1-Nov-96,
120468,Sales Rep. II,35450,13-May-89,1-Apr-07,
120832,Sales Rep. II,35943.75,11-Jan-89,1-Sep-07,
120830,Sales Rep. II,34981.25,6-May-74,1-Sep-94,
120464,Sales Rep. II,36726.75,12-Oct-94,1-May-10,
120122,Sales Rep. II,34343.75,27-Jul-69,1-Jul-89,
120462,Sales Rep. II,38583,9-Apr-64,1-Jan-85,
120145,Sales Rep. II,32575,22-Jan-79,1-Jun-96,
121041,Sales Rep. II,35262,4-Feb-59,1-Jan-85,
120460,Sales Rep. II,37854,9-Jan-74,1-Jan-93,
120458,Sales Rep. II,37098,21-Dec-69,1-Sep-89,
120955,Sales Rep. II,38380.5,5-Jun-94,1-May-17,
120454,Sales Rep. II,37489.5,20-Aug-69,1-Dec-88,
120452,Sales Rep. II,34137.5,23-Apr-99,1-Aug-17,
121043,Sales Rep. II,38103.75,9-Nov-84,1-Mar-03,
120447,Sales Rep. II,34875,6-Aug-74,1-Oct-94,31-Aug-16
120143,Sales Rep. II,36166.5,17-May-74,1-Oct-93,
121104,Sales Rep. II,38225.25,12-Nov-79,1-Apr-97,31-Jan-13
120121,Sales Rep. II,33250,2-Aug-59,1-Jan-85,
120441,Sales Rep. II,35187.75,3-Mar-03,1-Jul-17,
120217,Sales Rep. II,38110.5,24-Feb-84,1-Jan-14,
120438,Sales Rep. II,33168.75,28-Jan-69,1-Jul-85,
120141,Sales Rep. II,37077.75,12-Mar-03,1-May-17,
120911,Sales Rep. II,34500,28-Mar-94,1-Mar-12,28-Feb-17
120962,Sales Rep. II,34950,7-Dec-03,1-Mar-17,
120180,Sales Rep. II,36409.5,27-Jun-69,1-Dec-89,
120354,Sales Rep. II,35559,19-Mar-03,1-Nov-17,
120139,Sales Rep. II,33512.5,18-Aug-01,1-Sep-17,
120178,Sales Rep. II,35322.75,23-Nov-69,1-Apr-85,
120255,Sales Rep. II,34106.25,3-Aug-79,1-Jan-14,
120411,Sales Rep. II,37260,17-Jan-69,1-Nov-86,
121052,Sales Rep. II,33625,9-Jan-01,1-Nov-17,
120965,Sales Rep. II,36355.5,1-Oct-79,1-Aug-03,
120595,Sales Rep. II,35356.5,1-Nov-99,1-Apr-17,
120611,Sales Rep. II,35896.5,9-Mar-03,1-May-17,
120250,Sales Rep. II,32518.75,15-Dec-69,1-Jan-14,
120610,Sales Rep. II,33625,16-Mar-89,1-Aug-14,
121063,Sales Rep. II,48586.5,27-Jul-94,1-Aug-16,
120249,Sales Rep. II,37496.25,25-Jan-84,1-Jan-14,
120248,Sales Rep. II,33500,17-Dec-59,1-Jan-14,30-Sep-16
120228,Sales Rep. II,33125,6-Aug-84,1-Jan-14,30-Apr-15
120395,Sales Rep. II,36645.75,2-Dec-01,1-Feb-16,
120164,Sales Rep. II,34312.5,26-Nov-74,1-Feb-93,
120247,Sales Rep. II,33237.5,24-Dec-03,1-Jun-17,
120969,Sales Rep. II,33775,7-Jan-89,1-Jun-06,
120361,Sales Rep. II,36166.5,3-Feb-59,1-Jan-85,
120245,Sales Rep. II,37975.5,12-Jul-03,1-Mar-17,
120317,Sales Rep. II,38016,5-Jan-94,1-May-15,
120389,Sales Rep. II,33025,7-Apr-84,1-Jan-05,
120244,Sales Rep. II,37989,6-Aug-79,1-Jan-14,
120243,Sales Rep. II,35725,23-Oct-84,1-Jan-14,30-Jun-14
120220,Sales Rep. II,36942.75,19-May-84,1-Jan-14,
120386,Sales Rep. II,37111.5,13-Mar-64,1-Jan-85,
120171,Sales Rep. II,32756.25,19-Jul-99,1-Sep-17,
120320,Sales Rep. II,37449,6-Jan-99,1-Mar-13,30-Apr-15
120384,Sales Rep. II,32762.5,28-Apr-74,1-Nov-94,
120382,Sales Rep. II,36544.5,19-Sep-74,1-Mar-90,
120313,Sales Rep. II,35410.5,26-Apr-59,1-Jan-85,31-Dec-15
120559,Sales Rep. II,36652.5,13-Jun-59,1-Jan-85,
120377,Sales Rep. II,35050,9-Dec-99,1-Aug-15,30-Sep-16
120221,Sales Rep. II,36261,14-May-79,1-Jan-14,
120652,Sales Rep. II,36011.25,21-Feb-03,1-Nov-17,
120650,Sales Rep. II,32525,23-Oct-59,1-Jan-85,
120134,Sales Rep. II,35018.75,6-Jun-64,1-Jan-85,30-Jun-17
120237,Sales Rep. II,35375,9-Apr-01,1-Nov-17,
121069,Sales Rep. II,32743.75,19-Mar-84,1-Oct-01,
120372,Sales Rep. II,33543.75,3-May-69,1-Jan-85,31-Aug-14
120133,Sales Rep. II,34300,22-Apr-01,1-Oct-17,
120370,Sales Rep. II,34743.75,15-Jun-99,1-Jan-17,
120640,Sales Rep. II,37854,2-Dec-59,1-Jan-85,
120234,Sales Rep. II,33143.75,26-Jun-64,1-Jan-14,
120591,Sales Rep. II,32843.75,28-Mar-01,1-Aug-17,
120365,Sales Rep. II,35127,12-Jun-74,1-Jan-92,
120232,Sales Rep. II,34750,15-Nov-59,1-Jan-14,31-Jul-16
120306,Sales Rep. II,35889.75,5-Jun-01,1-Mar-17,
120315,Sales Rep. II,37509.75,2-Apr-69,1-Feb-87,
120362,Sales Rep. II,36153,6-Oct-03,1-Dec-17,
120231,Sales Rep. II,33837.5,8-Sep-79,1-Jan-14,
120624,Sales Rep. II,36659.25,8-Jun-99,1-Sep-17,
120963,Sales Rep. II,35275.5,15-Sep-84,1-Jan-02,
121139,Sales Rep. II,34625,19-Aug-74,1-Jul-98,
120359,Sales Rep. II,37199.25,25-Oct-84,1-Nov-03,
120618,Sales Rep. II,37901.25,23-Jan-64,1-Jan-88,
120229,Sales Rep. II,36699.75,23-Mar-94,1-Jan-14,
120351,Sales Rep. II,33787.5,6-Feb-89,1-Dec-08,
120357,Sales Rep. II,37860.75,17-Aug-84,1-Jul-99,
120224,Sales Rep. II,32937.5,21-Sep-74,1-Jan-14,30-Apr-15
120613,Sales Rep. II,35518.75,22-May-59,1-Jan-85,30-Sep-17
120608,Sales Rep. III,41121,16-Nov-94,1-Jun-12,31-Jan-15
120606,Sales Rep. III,37550,8-Aug-74,1-Jul-94,
120604,Sales Rep. III,41208.75,28-Dec-84,1-Jul-05,
121105,Sales Rep. III,39885.75,9-May-94,1-Jan-14,
120599,Sales Rep. III,36943.75,25-Oct-59,1-Jan-85,31-Aug-17
120598,Sales Rep. III,40783.5,4-Jun-01,1-Mar-17,
120348,Sales Rep. III,35256.25,15-Jul-59,1-Jan-85,31-Jan-14
120594,Sales Rep. III,38792.25,28-Jan-99,1-Jul-17,
120593,Sales Rep. III,36875,21-Aug-64,1-Jan-85,
121082,Sales Rep. III,35637.5,5-Jul-64,1-Oct-88,
121081,Sales Rep. III,40817.25,28-Mar-64,1-Apr-87,
120161,Sales Rep. III,41559.75,7-Mar-03,1-Oct-17,
121077,Sales Rep. III,38589.75,5-Sep-99,1-Oct-17,
121065,Sales Rep. III,37854,5-Sep-99,1-Apr-17,
121060,Sales Rep. III,38880,8-Jun-59,1-Jan-85,
120129,Sales Rep. III,40594.5,22-Nov-79,1-Oct-96,31-Mar-14
121054,Sales Rep. III,37256.25,12-Nov-69,1-Nov-87,
121053,Sales Rep. III,40439.25,23-Sep-59,1-Feb-85,
120573,Sales Rep. III,36593.75,3-Dec-69,1-Oct-86,
121040,Sales Rep. III,36906.25,6-Jul-74,1-Nov-93,
120615,Sales Rep. III,36543.75,10-May-74,1-Apr-99,
120158,Sales Rep. III,45756.25,14-Jul-79,1-Jul-98,31-Aug-16
121031,Sales Rep. III,35075,9-Jul-79,1-Aug-96,
120563,Sales Rep. III,40392,23-Mar-89,1-Jun-09,
120560,Sales Rep. III,40493.25,22-Dec-01,1-Jun-17,
120555,Sales Rep. III,36700,13-Nov-94,1-Dec-14,
120546,Sales Rep. III,36193.75,5-Nov-99,1-Jul-15,
120985,Sales Rep. III,41053.5,4-Feb-64,1-Mar-88,31-Aug-16
120541,Sales Rep. III,40851,13-Jul-79,1-Oct-98,
120155,Sales Rep. III,37487.5,22-Apr-99,1-Apr-17,
120319,Sales Rep. III,39609,1-May-94,1-Jan-12,
120538,Sales Rep. III,38630.25,9-Sep-59,1-Jan-85,
120537,Sales Rep. III,40311,8-Aug-89,1-Jan-12,
120536,Sales Rep. III,37850,19-Jun-59,1-Jan-85,31-May-14
120154,Sales Rep. III,41161.5,20-Jul-59,1-Jan-85,
120533,Sales Rep. III,46650,17-Sep-59,1-Jan-85,30-Apr-15
120942,Sales Rep. III,39413.25,28-Jul-59,1-Jan-85,31-May-17
120958,Sales Rep. III,37087.5,6-May-89,1-Feb-08,
120527,Sales Rep. III,37668.75,26-Nov-79,1-Jul-95,
120952,Sales Rep. III,35250,4-Oct-59,1-Jan-85,
120949,Sales Rep. III,38012.5,3-Jan-59,1-Jan-85,
120948,Sales Rep. III,37050,24-Mar-59,1-Mar-85,31-Aug-15
120947,Sales Rep. III,38462.5,22-Mar-03,1-Nov-17,
120311,Sales Rep. III,35731.25,23-Jun-01,1-Aug-17,1-Feb-18
120936,Sales Rep. III,38583,21-Jul-64,1-Jun-88,
120929,Sales Rep. III,36900,27-Feb-64,1-Jan-85,31-Dec-14
120926,Sales Rep. III,36793.75,22-Nov-74,1-Aug-92,
120924,Sales Rep. III,36712.5,16-Apr-99,1-Jan-18,
120921,Sales Rep. III,35187.5,1-Dec-79,1-May-00,31-Oct-15
120304,Sales Rep. III,38913.75,20-May-03,1-Aug-17,
120915,Sales Rep. III,35412.5,8-Sep-89,1-Jul-10,
120914,Sales Rep. III,37400,3-Mar-99,1-Jul-17,1-Jan-18
120910,Sales Rep. III,38387.25,18-Dec-69,1-Dec-85,
120909,Sales Rep. III,36306.25,7-Sep-01,1-Feb-15,1-Aug-16
120150,Sales Rep. III,37456.25,9-Jul-69,1-Aug-93,30-Apr-15
120903,Sales Rep. III,41073.75,2-Feb-69,1-Apr-89,
120300,Sales Rep. III,37256.25,6-Nov-59,1-Jan-85,
121033,Sales Rep. III,37218.75,6-Nov-01,1-Jun-15,
120495,Sales Rep. III,35225,16-Aug-89,1-Dec-13,31-Aug-15
120198,Sales Rep. III,37833.75,21-Jan-03,1-Dec-17,
120296,Sales Rep. III,41323.5,26-Apr-03,1-Oct-17,
121037,Sales Rep. III,35387.5,12-Jun-89,1-Mar-13,
120148,Sales Rep. III,38448,13-Sep-64,1-Jun-89,
120485,Sales Rep. III,39811.5,4-Dec-64,1-Nov-90,
120292,Sales Rep. III,41107.5,20-May-89,1-Apr-10,30-Nov-16
120867,Sales Rep. III,39879,17-May-94,1-Jul-10,
120482,Sales Rep. III,37256.25,10-Apr-69,1-Apr-89,
120864,Sales Rep. III,38421,18-Nov-64,1-Jan-87,
120862,Sales Rep. III,39831.75,26-Jun-89,1-Oct-09,31-May-14
120850,Sales Rep. III,42575,20-Sep-89,1-Sep-11,
120848,Sales Rep. III,38697.75,3-Jan-69,1-Jan-85,
120470,Sales Rep. III,37962,23-Mar-84,1-May-05,
120469,Sales Rep. III,35231.25,12-Sep-94,1-Oct-10,
120467,Sales Rep. III,37955.25,10-Feb-59,1-Jan-85,
120833,Sales Rep. III,42221.25,19-Mar-84,1-Sep-08,
120831,Sales Rep. III,35456.25,19-Feb-01,1-Jun-17,
120829,Sales Rep. III,40392,26-Jun-59,1-Jan-85,
120463,Sales Rep. III,38218.5,14-Apr-89,1-Jan-15,
120461,Sales Rep. III,41019.75,28-May-79,1-Nov-94,
120483,Sales Rep. III,38380.5,25-Apr-64,1-Jan-85,
120144,Sales Rep. III,40857.75,7-Mar-01,1-Oct-17,
120453,Sales Rep. III,38275,26-Apr-84,1-Mar-03,
121042,Sales Rep. III,38940.75,4-Apr-94,1-Nov-10,
120451,Sales Rep. III,37989,16-Nov-89,1-Nov-08,
120446,Sales Rep. III,37075,23-Sep-59,1-Jan-85,
120142,Sales Rep. III,37118.75,14-Jun-01,1-Jul-17,
120439,Sales Rep. III,35737.5,7-Jan-74,1-Jul-96,
120435,Sales Rep. III,35850,28-Dec-69,1-Feb-92,
120179,Sales Rep. III,35637.5,15-Mar-89,1-Jan-15,31-Aug-15
120409,Sales Rep. III,35575,26-Oct-94,1-Mar-16,
120177,Sales Rep. III,38805.75,5-Apr-94,1-Feb-09,
121055,Sales Rep. III,37731.25,8-Jan-03,1-Aug-17,
121061,Sales Rep. III,37268.75,16-Jul-69,1-Jul-95,
120137,Sales Rep. III,40115.25,12-Mar-94,1-Mar-17,
120394,Sales Rep. III,37793.75,3-Feb-89,1-Oct-05,
120391,Sales Rep. III,39750.75,27-May-99,1-Sep-13,
120390,Sales Rep. III,38100,12-Sep-01,1-Nov-15,
120172,Sales Rep. III,38265.75,1-Apr-59,1-Jan-85,
120388,Sales Rep. III,38657.25,8-Feb-74,1-Nov-92,
120170,Sales Rep. III,38920.5,25-Feb-89,1-Oct-03,31-Oct-17
120240,Sales Rep. III,37156.25,21-Mar-79,1-Jan-14,
120379,Sales Rep. III,41229,21-Oct-64,1-Feb-86,
120239,Sales Rep. III,40095,28-Oct-74,1-Jan-14,
120378,Sales Rep. III,35168.75,14-Feb-84,1-Dec-05,
120169,Sales Rep. III,35168.75,2-Jan-99,1-May-17,
121070,Sales Rep. III,39669.75,4-Nov-99,1-Feb-17,
120235,Sales Rep. III,38237.5,15-Jan-01,1-Nov-17,
120639,Sales Rep. III,38380.5,18-Nov-84,1-Sep-01,
120638,Sales Rep. III,39129.75,2-Jun-03,1-Jan-18,
120634,Sales Rep. III,35143.75,11-Apr-79,1-Feb-01,
120633,Sales Rep. III,40932,26-Aug-59,1-Jan-85,
121071,Sales Rep. III,35781.25,10-Sep-74,1-Sep-88,
120132,Sales Rep. III,38508.75,5-Apr-64,1-Oct-89,
120620,Sales Rep. III,36806.25,15-Mar-74,1-Dec-88,
120349,Sales Rep. III,41188.5,24-Oct-59,1-Jan-85,
121107,Sales Rep. IV,42363,24-Apr-01,1-Jul-17,
120350,Sales Rep. IV,40962.5,11-Jun-59,1-Jan-85,
121099,Sales Rep. IV,40906.25,19-Mar-94,1-May-11,
121085,Sales Rep. IV,43517.25,12-Nov-01,1-Jan-18,
121067,Sales Rep. IV,43017.75,18-Jan-01,1-Mar-17,1-Sep-17
121062,Sales Rep. IV,37881.25,28-Oct-99,1-Aug-17,
120219,Sales Rep. IV,43834.5,1-Mar-79,1-Jan-14,
120159,Sales Rep. IV,41532.75,24-Feb-79,1-Jul-97,
121032,Sales Rep. IV,42302.25,24-Feb-03,1-Mar-17,
121026,Sales Rep. IV,39393.75,8-Nov-01,1-Apr-17,
121022,Sales Rep. IV,43483.5,28-Oct-94,1-Feb-13,31-Aug-15
121021,Sales Rep. IV,41231.25,10-Dec-89,1-Mar-05,
121020,Sales Rep. IV,42862.5,23-Feb-99,1-May-13,
121019,Sales Rep. IV,42282,25-Jun-01,1-Jun-15,31-Jul-16
120128,Sales Rep. IV,38612.5,14-Jul-01,1-Nov-17,
120987,Sales Rep. IV,44246.25,21-Mar-03,1-Mar-17,
120984,Sales Rep. IV,41013,4-May-59,1-Jan-85,31-Mar-15
120968,Sales Rep. IV,43841.25,17-Nov-74,1-Dec-97,
120967,Sales Rep. IV,44205.75,24-Jul-01,1-Oct-17,
120316,Sales Rep. IV,42518.25,16-Apr-74,1-Aug-94,
120964,Sales Rep. IV,40206.25,12-Feb-99,1-May-14,31-Jul-16
120531,Sales Rep. IV,39900,4-Apr-84,1-Feb-08,
120960,Sales Rep. IV,38268.75,22-Jan-84,1-Oct-00,
120957,Sales Rep. IV,41958,3-Apr-01,1-May-17,
120943,Sales Rep. IV,38312.5,1-Mar-84,1-Apr-02,
120307,Sales Rep. IV,37712.5,13-Nov-79,1-Aug-97,
120125,Sales Rep. IV,40050,6-Dec-69,1-Mar-90,31-Jul-15
120912,Sales Rep. IV,41991.75,24-Aug-84,1-Aug-05,
120908,Sales Rep. IV,39518.75,13-Aug-89,1-Aug-14,
120879,Sales Rep. IV,50943.75,13-Sep-74,1-May-95,
120865,Sales Rep. IV,41262.75,1-Apr-59,1-Jan-85,
120861,Sales Rep. IV,41532.75,15-Dec-84,1-Jan-03,
120855,Sales Rep. IV,41708.25,17-Apr-59,1-Jan-85,
120849,Sales Rep. IV,42882.75,15-Aug-94,1-Jun-15,
120836,Sales Rep. IV,42545.25,7-Nov-94,1-Jul-12,
120607,Sales Rep. IV,41384.25,26-Aug-74,1-Dec-95,31-Aug-15
120457,Sales Rep. IV,42855.75,8-Aug-94,1-Nov-12,
120442,Sales Rep. IV,52899.75,16-Dec-84,1-Mar-99,
120356,Sales Rep. IV,44118,26-Feb-59,1-Jan-85,30-Nov-14
120396,Sales Rep. IV,42430.5,26-Nov-59,1-Jan-85,
120246,Sales Rep. IV,39556.25,18-Sep-59,1-Jan-14,
120392,Sales Rep. IV,37925,15-Jul-84,1-Aug-07,30-Sep-14
120135,Sales Rep. IV,43861.5,26-Jan-84,1-Oct-08,30-Apr-15
120380,Sales Rep. IV,40093.75,3-May-84,1-Nov-07,28-Feb-14
120373,Sales Rep. IV,42646.5,4-Nov-69,1-Dec-88,30-Apr-13
120371,Sales Rep. IV,41357.25,4-Apr-94,1-Jan-14,
120166,Sales Rep. IV,38325,14-Jun-59,1-Jan-85,31-Aug-17
120630,Sales Rep. IV,37687.5,10-Aug-84,1-Feb-02,
120364,Sales Rep. IV,40337.5,22-Feb-74,1-Jun-93,
120363,Sales Rep. IV,39506.25,11-Sep-59,1-Jan-85,31-Aug-16
120627,Sales Rep. IV,40443.75,23-Aug-01,1-May-17,
120625,Sales Rep. IV,43220.25,23-Jun-99,1-Nov-17,
120105,Secretary I,33887.5,21-Dec-89,1-May-10,
120578,Secretary II,37314,8-Jun-99,1-Aug-17,
120990,Secretary II,38994.75,15-Oct-74,1-May-99,
120662,Secretary II,33806.25,25-Jun-03,1-Nov-17,
120655,Secretary II,37766.25,15-Nov-94,1-Dec-10,
121147,Secretary II,36431.25,28-May-84,1-Sep-98,
120334,Secretary III,37820.25,24-Jul-94,1-Jan-11,
120513,Secretary III,47358,28-Jul-84,1-Feb-09,
120882,Secretary III,36981.25,16-Sep-74,1-Nov-88,
120282,Secretary III,37393.75,6-Sep-01,1-Apr-17,
120267,Secretary III,35731.25,2-Jun-01,1-Feb-14,
121146,Secretary III,36650,9-Dec-01,1-Apr-17,
120266,Secretary IV,39687.5,1-Jul-84,1-Apr-00,
120414,Secretary IV,39443.75,2-Aug-74,1-May-97,
120586,Security Guard I,33975,28-Mar-69,1-Mar-86,
120340,Security Guard I,34162.5,28-Feb-94,1-Dec-17,
121006,Security Guard I,32681.25,12-Oct-01,1-Nov-15,31-Oct-16
121005,Security Guard I,33777,15-Jul-99,1-Feb-15,
120205,Security Guard I,41823,15-Mar-74,1-Jan-14,
120520,Security Guard I,32275,1-Mar-84,1-Aug-03,
120204,Security Guard I,31306.25,21-Apr-01,1-Nov-17,
120112,Security Guard I,35842.5,17-Feb-84,1-Jul-01,
120891,Security Guard I,35552.25,25-Jan-03,1-May-17,
120821,Security Guard I,33700,11-Oct-94,1-Jun-17,
120585,Security Guard II,37847.25,1-Jan-99,1-Apr-17,
120341,Security Guard II,35397,23-Jan-01,1-Mar-17,
121008,Security Guard II,37631.25,3-Jul-84,1-Aug-04,
121007,Security Guard II,36841.5,12-Oct-79,1-Feb-98,
120113,Security Guard II,33587.5,10-May-59,1-Jan-85,
120892,Security Guard II,36153,25-Jul-74,1-Mar-98,
120287,Security Guard II,34037.5,2-Jan-64,1-Jan-85,
120111,Security Guard II,36308.25,23-Jul-64,1-Nov-85,
120426,Security Guard II,47958.75,11-Nov-01,1-May-17,
120822,Security Guard III,36031.25,23-Oct-01,1-Sep-17,
120584,Security Manager,40443.75,25-Jul-64,1-Jan-85,
120339,Security Manager,39612.5,7-Dec-59,1-Jan-85,
121004,Security Manager,41708.25,3-Aug-59,1-Jan-85,
120114,Security Manager,39106.25,8-Feb-59,1-Jan-85,
120206,Security Manager,38331.25,16-Nov-89,1-Jan-14,
120519,Security Manager,40243.75,10-Aug-94,1-Sep-13,
120890,Security Manager,43902,18-Jul-01,1-Jun-17,
120286,Security Manager,41212.5,15-May-94,1-Sep-08,
120425,Security Manager,41235.75,12-Jul-99,1-Apr-17,
120665,Senior Logistics Manager,108094.5,24-Oct-89,1-Mar-13,
120661,Senior Logistics Manager,106868.75,27-Nov-69,1-Jan-95,30-Jun-14
120719,Senior Marketing Manager,109275,22-Jan-84,1-Feb-07,
120798,Senior Project Manager,100943.75,23-Jun-74,1-Jan-98,
120989,Senior Sales Manager,124341.75,27-Dec-69,1-Jul-87,
120415,Senior Sales Manager,123633,16-Feb-89,1-Oct-11,
121143,Senior Sales Manager,128371.5,26-Nov-84,1-Jul-08,
120268,Senior Strategist,95131.25,1-Sep-89,1-May-08,
121009,Service Administrator I,44489.25,4-Dec-94,1-Aug-10,
120816,Service Administrator I,38106.25,3-May-84,1-Aug-04,
120815,Service Administrator III,42646.5,27-Dec-03,1-Apr-17,
120115,Service Assistant I,33125,8-May-99,1-Aug-16,
120343,Service Assistant I,34125,13-Jun-59,1-Jan-85,
120587,Service Assistant I,34025,20-Apr-64,1-Jul-85,
120342,Service Assistant I,29481.25,10-Aug-74,1-Aug-96,31-Jan-14
121011,Service Assistant I,32168.75,11-Mar-59,1-Jan-85,
121010,Service Assistant I,34013.25,14-Aug-99,1-Mar-17,
120209,Service Assistant I,36450,6-Jul-84,1-Jan-14,
120207,Service Assistant I,35113.5,27-Feb-79,1-Jan-14,
120522,Service Assistant I,37017,17-Feb-94,1-Mar-10,
120894,Service Assistant I,36328.5,7-May-69,1-May-88,31-Oct-16
120893,Service Assistant I,33962.5,7-Mar-99,1-Feb-18,
120288,Service Assistant I,33956.25,28-Jan-69,1-Feb-87,
120823,Service Assistant I,33306.25,19-May-94,1-Mar-10,
120428,Service Assistant I,36693,2-Jan-01,1-Jun-17,
120588,Service Assistant II,39143.25,5-Feb-03,1-Jul-17,
121012,Service Assistant II,39926.25,26-Jan-01,1-Sep-14,30-Nov-15
120521,Service Assistant II,47067.75,26-Mar-03,1-Mar-17,
120896,Service Assistant II,37077.75,28-Jan-59,1-Jan-85,
120289,Service Assistant II,39987,9-Dec-84,1-Mar-01,
120824,Service Assistant II,37152,27-Oct-59,1-Jan-85,
120427,Service Assistant II,38529,8-Oct-03,1-Sep-17,
120116,Service Assistant II,39487.5,13-Jun-74,1-Feb-91,
120344,Service Assistant III,39493.75,10-Jul-84,1-Oct-05,
120208,Service Assistant III,38575,15-Jul-79,1-Jan-14,
120895,Service Assistant III,38825,1-Apr-74,1-Oct-88,
120669,Services Assistant IV,45462.5,23-Jul-59,1-Jan-85,
120668,Services Manager,59731.25,23-Oct-64,1-Dec-89,
120997,Shipping Administrator I,34275,21-Nov-89,1-Sep-07,
120702,Shipping Agent I,32162.5,24-Apr-89,1-Nov-12,
120693,Shipping Agent I,33281.25,2-May-74,1-Jun-90,
120682,Shipping Agent I,36126,20-Dec-84,1-Apr-07,
120680,Shipping Agent I,34118.75,25-Aug-84,1-May-02,
120676,Shipping Agent I,39612.5,23-Aug-89,1-Nov-07,
120701,Shipping Agent II,40681.25,15-Sep-99,1-Mar-14,
120700,Shipping Agent II,40891.5,10-Dec-64,1-Jan-85,
120692,Shipping Agent II,40606.25,22-Nov-69,1-Apr-93,
120681,Shipping Agent II,38687.5,12-Aug-94,1-Apr-15,
120675,Shipping Agent II,45750,17-Feb-03,1-May-17,
120673,Shipping Agent II,48512.25,27-Jun-59,1-Jan-85,
120683,Shipping Agent III,49025.25,12-Nov-69,1-Jan-85,28-Feb-14
120678,Shipping Agent III,50043.75,12-Jan-64,1-May-89,31-Aug-14
120671,Shipping Agent III,50100,27-May-69,1-Feb-94,
120699,Shipping Manager,65562.75,25-Mar-93,1-Jan-10,
120691,Shipping Manager,61550,15-Sep-59,1-Jan-85,
120679,Shipping Manager,57737.5,7-Nov-91,1-Jul-13,
120677,Shipping Manager,88499.25,2-Sep-84,1-Feb-04,
120674,Shipping Manager,78356.25,18-May-64,1-Jan-85,
120672,Shipping Manager,76225,25-Aug-79,1-Mar-03,
120670,Shipping Manager,81775,26-Mar-59,1-Jan-85,31-Dec-13
120269,Strategist II,70929,27-Sep-59,1-Jan-85,30-Apr-15
120792,Systems Architect II,73926,19-Mar-91,1-Aug-08,
120791,Systems Architect IV,76393.75,26-Jul-79,1-Oct-97,
121016,Technical Manager,64901.25,19-Jan-91,1-Sep-15,
121015,Technician I,35289,13-Dec-94,1-Sep-11,
121017,Technician II,36531.25,6-Jan-99,1-Mar-16,
121122,Temp. Sales Rep.,32831.25,1-Mar-01,1-Dec-17,31-Mar-18
121121,Temp. Sales Rep.,32168.75,5-Mar-01,1-Dec-17,31-May-18
121120,Temp. Sales Rep.,31275,25-Oct-89,1-Dec-17,28-Feb-18
121118,Temp. Sales Rep.,32156.25,1-Mar-94,1-Dec-17,31-May-18
121117,Temp. Sales Rep.,33300,18-Mar-89,1-Dec-17,31-Dec-17
121116,Temp. Sales Rep.,36004.5,23-Sep-79,1-Dec-17,31-Mar-18
121115,Temp. Sales Rep.,33037.5,13-Feb-74,1-Dec-17,30-Apr-18
121114,Temp. Sales Rep.,33143.75,4-Nov-59,1-Dec-17,30-Jun-18
121113,Temp. Sales Rep.,34350,21-Feb-69,1-Dec-17,31-Jan-18
121112,Temp. Sales Rep.,36254.25,13-Dec-01,1-Dec-17,31-Dec-17
121111,Temp. Sales Rep.,36294.75,17-Jul-59,1-Dec-17,30-Apr-18
121110,Temp. Sales Rep.,35599.5,14-Apr-59,1-Dec-17,31-Dec-17
120571,Temp. Sales Rep.,33118.75,1-Mar-64,1-Dec-17,30-Apr-18
120570,Temp. Sales Rep.,34225,21-Jan-59,1-Dec-17,28-Feb-18
120569,Temp. Sales Rep.,34081.25,22-Feb-79,1-Dec-17,31-Mar-18
120568,Temp. Sales Rep.,35511.75,8-Feb-84,1-Dec-17,30-Jun-18
120567,Temp. Sales Rep.,32275,18-Jan-03,1-Dec-17,30-Jun-18
120566,Temp. Sales Rep.,37111.5,13-Mar-03,1-Dec-17,30-Jun-18
120565,Temp. Sales Rep.,35201.25,10-Aug-84,1-Dec-17,31-May-18
120564,Temp. Sales Rep.,37077.75,6-May-84,1-Dec-17,31-Dec-17
120327,Temp. Sales Rep.,31456.25,1-Oct-64,1-Dec-17,31-Mar-18
120326,Temp. Sales Rep.,34614,5-Apr-74,1-Dec-17,31-Dec-17
120325,Temp. Sales Rep.,35599.5,27-Mar-03,1-Dec-17,31-May-18
120981,Temp. Sales Rep.,36868.5,9-Jan-03,1-Dec-17,30-Jun-18
120980,Temp. Sales Rep.,34978.5,13-Jul-89,1-Dec-17,30-Apr-18
120979,Temp. Sales Rep.,34728.75,23-May-79,1-Dec-17,28-Feb-18
120978,Temp. Sales Rep.,34317,18-Sep-59,1-Dec-17,30-Apr-18
120977,Temp. Sales Rep.,36301.5,4-May-69,1-Dec-17,28-Feb-18
120976,Temp. Sales Rep.,33887.5,16-Jun-64,1-Dec-17,28-Feb-18
120975,Temp. Sales Rep.,36693,7-Apr-59,1-Dec-17,31-May-18
120974,Temp. Sales Rep.,33856.25,28-May-69,1-Dec-17,31-Mar-18
120973,Temp. Sales Rep.,35336.25,22-Jun-03,1-Dec-17,30-Apr-18
120972,Temp. Sales Rep.,35964,6-Jan-89,1-Dec-17,31-Mar-18
120971,Temp. Sales Rep.,35923.5,24-Sep-84,1-Dec-17,31-Jan-18
120970,Temp. Sales Rep.,34924.5,28-Apr-89,1-Dec-17,31-Dec-17
120501,Temp. Sales Rep.,32675,13-Nov-89,1-Dec-17,30-Apr-18
120500,Temp. Sales Rep.,34343.75,15-Dec-89,1-Dec-17,31-Mar-18
120499,Temp. Sales Rep.,38994.75,3-Jul-59,1-Dec-17,28-Feb-18
120498,Temp. Sales Rep.,32081.25,11-Mar-74,1-Dec-17,30-Apr-18
120497,Temp. Sales Rep.,33368.75,28-Sep-94,1-Dec-17,30-Apr-18
120496,Temp. Sales Rep.,31550,4-Jun-84,1-Dec-17,31-Dec-17
120875,Temp. Sales Rep.,34040.25,19-Oct-01,1-Dec-14,31-Mar-16
120874,Temp. Sales Rep.,35079.75,2-Apr-84,1-Dec-13,31-Mar-15
120873,Temp. Sales Rep.,32718.75,17-Oct-69,1-Dec-17,31-Dec-17
120872,Temp. Sales Rep.,34398,4-Jan-01,25-Jan-12,
120871,Temp. Sales Rep.,29133,10-Jan-79,1-Dec-11,28-Feb-14
120870,Temp. Sales Rep.,33756.75,20-Jul-99,11-Aug-10,
120869,Temp. Sales Rep.,37104.75,3-Dec-74,1-Dec-15,31-May-16
120189,Temp. Sales Rep.,31475,3-Jul-99,1-Dec-17,31-Mar-18
120188,Temp. Sales Rep.,33393.75,1-Mar-69,1-Dec-17,31-Dec-17
120187,Temp. Sales Rep.,35997.75,10-Dec-99,1-Dec-17,31-May-18
120186,Temp. Sales Rep.,33493.75,19-Apr-94,1-Dec-17,30-Jun-18
120185,Temp. Sales Rep.,33858,7-Apr-89,1-Dec-17,31-Jan-18
120184,Temp. Sales Rep.,34857,1-Dec-64,1-Dec-17,30-Apr-18
120183,Temp. Sales Rep.,36328.5,10-Sep-84,1-Dec-17,31-Dec-17
120182,Temp. Sales Rep.,31275,5-Oct-99,1-Dec-17,31-Dec-17
120181,Temp. Sales Rep.,33831.25,28-Nov-03,1-Dec-17,31-Mar-18
120254,Temp. Sales Rep.,34137.5,19-Dec-69,1-Dec-17,31-May-18
120407,Temp. Sales Rep.,33962.5,20-Jun-99,1-Dec-17,30-Apr-18
120253,Temp. Sales Rep.,31931.25,6-Mar-69,1-Dec-17,31-Mar-18
120406,Temp. Sales Rep.,33025,5-Aug-01,1-Dec-17,28-Feb-18
120405,Temp. Sales Rep.,33975,15-Jul-59,1-Dec-17,28-Feb-18
120404,Temp. Sales Rep.,33875,3-Mar-01,1-Dec-17,31-May-18
120252,Temp. Sales Rep.,35707.5,8-Aug-84,1-Dec-17,28-Feb-18
120403,Temp. Sales Rep.,35255.25,6-Jul-94,1-Dec-17,31-Dec-17
120251,Temp. Sales Rep.,34809.75,11-Sep-74,1-Dec-17,31-May-18
120402,Temp. Sales Rep.,32906.25,14-Dec-99,1-Dec-17,28-Feb-18
120401,Temp. Sales Rep.,33406.25,27-Jan-89,1-Dec-17,31-May-18
120400,Temp. Sales Rep.,34031.25,14-Dec-84,1-Dec-17,31-May-18
120399,Temp. Sales Rep.,32006.25,11-Oct-69,1-Dec-17,31-Dec-17
120398,Temp. Sales Rep.,33637.5,7-Feb-74,1-Dec-17,31-Jan-18
121119,Temp. Sales Rep.,34026.75,3-Nov-79,1-Dec-17,28-Feb-18
121123,Temp. Sales Rep.,33012.5,27-Apr-59,1-Dec-17,31-Mar-18
120397,Temp. Sales Rep.,34350,20-May-03,1-Dec-17,31-Jan-18
120647,Temp. Sales Rep.,34384.5,10-Aug-69,1-Dec-17,31-Jan-18
120646,Temp. Sales Rep.,33400,4-Nov-79,1-Dec-17,31-Mar-18
120645,Temp. Sales Rep.,35646.75,15-May-94,1-Dec-17,30-Apr-18
120644,Temp. Sales Rep.,35545.5,25-Apr-69,1-Dec-17,31-Dec-17
120643,Temp. Sales Rep.,34614,7-Sep-74,1-Dec-17,31-May-18
120642,Temp. Sales Rep.,31593.75,13-Nov-94,1-Dec-17,31-Dec-17
120641,Temp. Sales Rep.,35322.75,19-Jan-64,1-Dec-17,31-Mar-18
121124,Temp. Sales Rep.,36348.75,15-Feb-84,1-Dec-17,31-Dec-17
120572,Trainee,34053.75,9-Apr-74,1-Jan-14,30-Jun-14
120983,Trainee,30468.75,6-Jul-94,1-Jan-14,30-Jun-14
120982,Trainee,34924.5,22-Dec-89,1-Jan-14,30-Jun-14
120505,Trainee,31931.25,14-Apr-79,1-Jan-14,30-Jun-14
120504,Trainee,30037.5,20-Oct-84,1-Jan-14,30-Jun-14
120503,Trainee,33183,22-Feb-01,1-Oct-16,31-Mar-17
120502,Trainee,30062.5,9-Sep-03,1-Feb-18,31-Jul-18
120197,Trainee,31975,8-Aug-69,1-Jan-14,30-Jun-14
120876,Trainee,35613,11-Aug-99,1-Dec-15,31-May-16
120196,Trainee,32433.75,31-Jan-99,1-Jan-14,30-Jun-14
120195,Trainee,31237.5,25-Dec-99,1-Jul-17,31-Dec-17
120194,Trainee,32481.25,23-Sep-99,1-Feb-16,31-Jul-16
120193,Trainee,33095.25,6-Dec-99,1-Sep-16,28-Feb-17
120192,Trainee,35349.75,8-May-99,1-Jun-16,30-Nov-16
120191,Trainee,32420.25,17-Jan-74,1-Jan-14,30-Jun-14
120190,Trainee,30125,5-Dec-99,1-Nov-15,30-Apr-16
120408,Trainee,35545.5,27-Dec-03,1-Feb-18,31-Jul-18
121131,Trainee,34350.75,30-Jun-84,1-Jan-14,30-Jun-14
120649,Trainee,29180.25,24-Feb-79,1-Jan-14,30-Jun-14
120648,Trainee,34499.25,20-Feb-94,1-Jan-14,30-Jun-14
121134,Trainee,31981.25,2-Jul-79,1-Jan-14,30-Jun-14
121133,Trainee,34296.75,10-Nov-94,1-Jan-14,30-Jun-14
121132,Trainee,30487.5,8-Feb-69,1-Jan-14,30-Jun-14
121130,Trainee,34094.25,21-Jan-99,1-Feb-15,31-Jul-15
121129,Trainee,38681.25,1-May-79,1-Jan-14,30-Jun-14
121128,Trainee,31756.25,26-Jun-89,1-Jan-14,30-Jun-14
121127,Trainee,34337.25,3-Sep-01,1-Jun-16,30-Nov-16
121126,Trainee,35120.25,26-Oct-69,1-Jan-14,30-Jun-14
121125,Trainee,31643.75,17-Apr-89,1-Jan-14,30-Jun-14
120788,Trainer I,41912.5,13-Jun-84,1-Dec-05,
120786,Trainer I,40812.5,18-Mar-59,1-Jan-85,
120787,Trainer II,45900,22-Aug-84,1-Jan-07,
120789,Trainer III,49162.5,14-Jul-79,1-Dec-93,31-May-14
120785,Training Manager,65252.25,21-Jan-84,1-Jun-04,
120412,Vice President,241175,26-Aug-93,1-Jun-14,
121141,Vice President,263094.75,19-Jun-59,1-Jan-85,
120337,Warehouse Assistant I,33175,28-May-64,1-May-87,31-Mar-14
121003,Warehouse Assistant I,35100,5-May-03,1-Jul-17,
120518,Warehouse Assistant I,33050,18-May-74,1-Nov-98,
120889,Warehouse Assistant I,34782.75,8-Jan-64,1-Jan-85,
120285,Warehouse Assistant I,34281.25,18-Dec-79,1-Oct-05,
120423,Warehouse Assistant I,32975,20-Nov-64,1-Feb-89,
120708,Warehouse Assistant I,32281.25,22-Jul-79,1-Jul-97,
120706,Warehouse Assistant I,31618.75,1-Jun-89,1-May-10,
120704,Warehouse Assistant I,33981.25,28-Mar-89,1-Dec-07,
120703,Warehouse Assistant I,33487.5,4-Nov-59,1-Jan-85,
120698,Warehouse Assistant I,35316,17-May-69,1-Aug-87,28-Feb-16
120696,Warehouse Assistant I,33268.75,14-Aug-69,1-Mar-85,31-Mar-17
120109,Warehouse Assistant I,35768.25,15-Dec-01,1-Oct-17,
120694,Warehouse Assistant I,34206.25,16-Aug-03,1-Apr-17,
120690,Warehouse Assistant I,33999.75,17-Jan-99,1-Dec-15,
120688,Warehouse Assistant I,32381.25,25-Dec-64,1-Jan-85,31-Aug-13
120687,Warehouse Assistant I,33500,25-May-94,1-Aug-15,31-Jan-16
120685,Warehouse Assistant I,33925.5,1-Mar-99,1-Nov-17,
120684,Warehouse Assistant I,33700,26-Nov-01,1-Nov-17,
120583,Warehouse Assistant II,35208,3-Jun-84,1-Jul-07,
120338,Warehouse Assistant II,38360.25,1-Nov-99,1-Oct-17,
121002,Warehouse Assistant II,35977.5,18-Sep-69,1-Dec-90,31-Aug-15
120203,Warehouse Assistant II,35568.75,1-May-64,1-Jan-14,
120709,Warehouse Assistant II,36726.75,28-Feb-03,1-Mar-17,
120705,Warehouse Assistant II,35356.5,13-Apr-84,1-Apr-07,
120695,Warehouse Assistant II,38043,13-Jul-79,1-Jul-00,31-Jul-17
120686,Warehouse Assistant II,33362.5,7-May-59,1-Jan-85,
120108,Warehouse Assistant II,34575,23-Feb-99,1-Aug-17,
120202,Warehouse Assistant III,39649.5,18-Sep-69,1-Jan-14,
120110,Warehouse Assistant III,38630.25,20-Nov-64,1-Nov-90,
120424,Warehouse Assistant III,34700,8-Mar-79,1-Oct-94,
120689,Warehouse Assistant III,37503,20-Jul-94,1-Jul-17,
120707,Warehouse Assistant IV,38075,16-Sep-94,1-May-11,
120697,Warehouse Assistant IV,39993.75,27-Jun-03,1-Jun-17,
120582,Warehouse Manager,57881.25,9-Apr-69,1-Jan-85,
120336,Warehouse Manager,54937.5,11-Feb-91,1-May-12,
121001,Warehouse Manager,58880.25,21-Jan-74,1-Sep-88,
120517,Warehouse Manager,56652.75,23-Aug-91,1-May-11,
120888,Warehouse Manager,54450,10-Aug-84,1-Jul-08,
120284,Warehouse Manager,56828.25,19-Aug-79,1-Nov-97,
120820,Warehouse Manager,54675,23-Feb-84,1-Dec-07,
120422,Warehouse Manager,57111.75,21-Nov-93,1-Jun-17,